oem,vin,model,reg_date,months,span_months,first_age_mo,current_age_mo,obs_per_month,soh_first,soh_last,soh_drop,vehicle_class,quality,reasons,dense_file
Bajaj,MD2B88309RWL01219,Bajaj Maxima XL Cargo,2024-04-23,5,4.0,16.3,20.3,1627,95.0,94.0,1.0,flat,thin,<6_valid_months,data/bajaj/dense/MD2B88309RWL01219.parquet
Bajaj,MD2B88301RWL01201,Bajaj Maxima XL Cargo,2024-05-14,10,9.0,15.6,24.6,1692,90.5,86.5,4.0,degrader,trainable,,data/bajaj/dense/MD2B88301RWL01201.parquet
Bajaj,MD2B88303PWH00689,Bajaj Maxima XL Cargo,2024-03-20,10,9.0,17.4,26.4,1692,89.0,84.5,4.5,degrader,trainable,,data/bajaj/dense/MD2B88303PWH00689.parquet
Bajaj,MD2B88304SWK00045,Bajaj Maxima E-Tech 12.0,2024-02-17,10,9.0,18.5,27.5,1692,98.0,96.0,2.0,degrader,trainable,,data/bajaj/dense/MD2B88304SWK00045.parquet
Bajaj,MD2B88305RWL01167,Bajaj Maxima XL Cargo,2024-03-29,10,9.0,17.1,26.1,1692,91.0,87.0,4.0,degrader,trainable,,data/bajaj/dense/MD2B88305RWL01167.parquet
Bajaj,MD2B88307RWK01118,Bajaj Maxima XL Cargo,2024-03-25,10,8.9,17.3,26.2,1692,84.0,81.0,3.0,degrader,trainable,,data/bajaj/dense/MD2B88307RWK01118.parquet
Bajaj,MD2B88307RWL01400,Bajaj Maxima XL Cargo,2024-03-29,10,9.0,17.1,26.1,1692,93.0,90.0,3.0,degrader,trainable,,data/bajaj/dense/MD2B88307RWL01400.parquet
Bajaj,MD2B88308PWH00686,Bajaj Maxima XL Cargo,2024-03-21,10,9.0,17.4,26.4,1692,91.0,89.0,2.0,degrader,trainable,,data/bajaj/dense/MD2B88308PWH00686.parquet
Bajaj,MD2B88308PWJ00764,Bajaj Maxima XL Cargo,2024-03-07,10,8.9,17.9,26.8,1692,92.0,89.5,2.5,degrader,trainable,,data/bajaj/dense/MD2B88308PWJ00764.parquet
Bajaj,MD2B88308PWJ00845,Bajaj Maxima XL Cargo,2024-03-21,10,9.0,17.4,26.4,1692,93.0,91.0,2.0,degrader,trainable,,data/bajaj/dense/MD2B88308PWJ00845.parquet
Bajaj,MD2B88309PWF00304,Bajaj Maxima XL Cargo,2024-01-23,9,9.0,19.3,28.3,1627,93.5,91.0,2.5,degrader,trainable,,data/bajaj/dense/MD2B88309PWF00304.parquet
Bajaj,MD2B88309PWH00602,Bajaj Maxima XL Cargo,2024-05-27,10,9.0,15.2,24.2,1692,93.5,90.5,3.0,degrader,trainable,,data/bajaj/dense/MD2B88309PWH00602.parquet
Bajaj,MD2B88309PWH00633,Bajaj Maxima XL Cargo,2024-03-19,10,8.9,17.5,26.4,1692,93.0,89.5,3.5,degrader,trainable,,data/bajaj/dense/MD2B88309PWH00633.parquet
Bajaj,MD2B8830XRWL01195,Bajaj Maxima XL Cargo,2024-04-05,10,9.0,16.9,25.9,1692,91.0,87.5,3.5,degrader,trainable,,data/bajaj/dense/MD2B8830XRWL01195.parquet
Bajaj,MD2B94300RWA17325,Bajaj RE E-TEC 9.0,2024-05-16,10,8.9,15.6,24.5,1692,79.5,72.0,7.5,degrader,trainable,,data/bajaj/dense/MD2B94300RWA17325.parquet
Bajaj,MD2B94301RWA14885,Bajaj RE E-TEC 9.0,2024-05-02,10,9.0,16.0,25.0,1692,93.0,90.0,3.0,degrader,trainable,,data/bajaj/dense/MD2B94301RWA14885.parquet
Bajaj,MD2B94301RWA15292,Bajaj RE E-TEC 9.0,2024-05-13,10,8.9,15.7,24.6,1692,78.5,71.0,7.5,degrader,trainable,,data/bajaj/dense/MD2B94301RWA15292.parquet
Bajaj,MD2B94301RWA17513,Bajaj RE E-TEC 9.0,2024-05-27,10,9.0,15.2,24.2,1692,80.5,71.5,9.0,degrader,trainable,,data/bajaj/dense/MD2B94301RWA17513.parquet
Bajaj,MD2B94301RWF57024,Bajaj RE E-TEC 9.0,2024-10-17,10,9.0,10.5,19.5,1692,90.5,74.0,16.5,degrader,trainable,,data/bajaj/dense/MD2B94301RWF57024.parquet
Bajaj,MD2B94302RWB20052,Bajaj RE E-TEC 9.0,2024-06-07,10,9.0,14.8,23.8,1692,83.5,74.0,9.5,degrader,trainable,,data/bajaj/dense/MD2B94302RWB20052.parquet
Bajaj,MD2B94302RWC20667,Bajaj RE E-TEC 9.0,,10,9.0,16.2,25.2,1692,84.0,74.0,10.0,degrader,trainable,,data/bajaj/dense/MD2B94302RWC20667.parquet
Bajaj,MD2B94303RWB17905,Bajaj RE E-TEC 9.0,2024-05-24,10,9.0,15.3,24.3,1692,84.5,82.0,2.5,degrader,trainable,,data/bajaj/dense/MD2B94303RWB17905.parquet
Bajaj,MD2B94303RWL12335,Bajaj RE E-TEC 9.0,2024-04-09,10,9.0,16.8,25.8,1692,86.0,80.5,5.5,degrader,trainable,,data/bajaj/dense/MD2B94303RWL12335.parquet
Bajaj,MD2B94304RWH69366,Bajaj RE E-TEC 9.0,2024-01-07,10,9.0,19.8,28.8,1692,93.5,87.5,6.0,degrader,trainable,,data/bajaj/dense/MD2B94304RWH69366.parquet
Bajaj,MD2B94304RWM14470,Bajaj RE E-TEC 9.0,2024-04-23,10,9.0,16.3,25.3,1692,88.0,82.5,5.5,degrader,trainable,,data/bajaj/dense/MD2B94304RWM14470.parquet
Bajaj,MD2B94305RWA15697,Bajaj RE E-TEC 9.0,2024-04-26,10,9.0,16.2,25.2,1692,77.0,72.0,5.0,degrader,trainable,,data/bajaj/dense/MD2B94305RWA15697.parquet
Bajaj,MD2B94305RWA17076,Bajaj RE E-TEC 9.0,2024-05-16,10,8.9,15.6,24.5,1692,87.0,81.5,5.5,degrader,trainable,,data/bajaj/dense/MD2B94305RWA17076.parquet
Bajaj,MD2B94305RWA17434,Bajaj RE E-TEC 9.0,2024-05-14,10,9.0,15.6,24.6,1692,90.0,86.5,3.5,degrader,trainable,,data/bajaj/dense/MD2B94305RWA17434.parquet
Bajaj,MD2B94305RWG59975,Bajaj RE E-TEC 9.0,2024-10-26,10,9.0,10.2,19.2,1692,85.5,73.5,12.0,degrader,trainable,,data/bajaj/dense/MD2B94305RWG59975.parquet
Bajaj,MD2B94305RWG63864,Bajaj RE E-TEC 9.0,2024-11-11,10,9.0,9.7,18.7,1692,87.5,74.5,13.0,degrader,trainable,,data/bajaj/dense/MD2B94305RWG63864.parquet
Bajaj,MD2B94305RWJ74393,Bajaj RE E-TEC 9.0,2024-01-08,10,9.0,19.8,28.8,1692,95.0,90.5,4.5,degrader,trainable,,data/bajaj/dense/MD2B94305RWJ74393.parquet
Bajaj,MD2B94306RWB18062,Bajaj RE E-TEC 9.0,2024-05-21,10,9.0,15.4,24.4,1692,92.0,87.0,5.0,degrader,trainable,,data/bajaj/dense/MD2B94306RWB18062.parquet
Bajaj,MD2B94306RWB18191,Bajaj RE E-TEC 9.0,2024-05-18,10,9.0,15.5,24.5,1692,88.0,84.0,4.0,degrader,trainable,,data/bajaj/dense/MD2B94306RWB18191.parquet
Bajaj,MD2B94306RWD24790,Bajaj RE E-TEC 9.0,,10,9.0,16.2,25.2,1692,85.5,75.5,10.0,degrader,trainable,,data/bajaj/dense/MD2B94306RWD24790.parquet
Bajaj,MD2B94306RWK11662,Bajaj RE E-TEC 9.0,2024-04-09,10,9.0,16.8,25.8,1692,88.0,83.5,4.5,degrader,trainable,,data/bajaj/dense/MD2B94306RWK11662.parquet
Bajaj,MD2B94307RWA15667,Bajaj RE E-TEC 9.0,2024-04-30,10,9.0,16.1,25.1,1692,90.0,82.5,7.5,degrader,trainable,,data/bajaj/dense/MD2B94307RWA15667.parquet
Bajaj,MD2B94307RWF52894,,,8,7.0,16.2,23.2,1692,82.0,72.5,9.5,degrader,trainable,,data/bajaj/dense/MD2B94307RWF52894.parquet
Bajaj,MD2B94308RWA14785,Bajaj RE E-TEC 9.0,2024-05-01,10,8.9,16.1,25.0,1692,87.0,78.0,9.0,degrader,trainable,,data/bajaj/dense/MD2B94308RWA14785.parquet
Bajaj,MD2B94308RWA15631,Bajaj RE E-TEC 9.0,2024-04-27,10,9.0,16.2,25.2,1692,88.5,83.0,5.5,degrader,trainable,,data/bajaj/dense/MD2B94308RWA15631.parquet
Bajaj,MD2B94308RWA16911,Bajaj RE E-TEC 9.0,2024-05-10,10,8.9,15.8,24.7,1692,84.5,76.5,8.0,degrader,trainable,,data/bajaj/dense/MD2B94308RWA16911.parquet
Bajaj,MD2B94308RWF57893,Bajaj RE E-TEC 9.0,2024-10-10,10,9.0,10.7,19.7,1692,85.5,74.5,11.0,degrader,trainable,,data/bajaj/dense/MD2B94308RWF57893.parquet
Bajaj,MD2B94309RWC21959,Bajaj RE E-TEC 9.0,2024-06-25,10,9.0,14.2,23.2,1692,83.0,74.0,9.0,degrader,trainable,,data/bajaj/dense/MD2B94309RWC21959.parquet
Bajaj,MD2B94309RWD24685,Bajaj RE E-TEC 9.0,,10,9.0,16.2,25.2,1692,77.0,72.5,4.5,degrader,trainable,,data/bajaj/dense/MD2B94309RWD24685.parquet
Bajaj,MD2B94309RWE29128,,,8,7.0,16.2,23.2,1692,85.0,75.5,9.5,degrader,trainable,,data/bajaj/dense/MD2B94309RWE29128.parquet
Bajaj,MD2B94309RWF53643,Bajaj RE E-TEC 9.0,2024-09-24,8,6.9,13.3,20.2,1692,82.5,74.0,8.5,degrader,trainable,,data/bajaj/dense/MD2B94309RWF53643.parquet
Bajaj,MD2B94309RWJ73635,Bajaj RE E-TEC 9.0,2024-01-08,10,9.0,19.8,28.8,1692,93.5,88.0,5.5,degrader,trainable,,data/bajaj/dense/MD2B94309RWJ73635.parquet
Bajaj,MD2B9430XRWA15632,Bajaj RE E-TEC 9.0,2024-05-04,10,8.9,16.0,24.9,1692,85.0,75.5,9.5,degrader,trainable,,data/bajaj/dense/MD2B9430XRWA15632.parquet
Bajaj,MD2B9430XRWA17011,Bajaj RE E-TEC 9.0,2024-05-22,10,8.9,15.4,24.3,1692,85.5,75.5,10.0,degrader,trainable,,data/bajaj/dense/MD2B9430XRWA17011.parquet
Bajaj,MD2B9430XRWA17221,Bajaj RE E-TEC 9.0,2024-05-08,10,9.0,15.8,24.8,1692,86.0,81.0,5.0,degrader,trainable,,data/bajaj/dense/MD2B9430XRWA17221.parquet
Bajaj,MD2B9430XRWB18503,Bajaj RE E-TEC 9.0,2024-05-24,10,9.0,15.3,24.3,1692,85.0,75.5,9.5,degrader,trainable,,data/bajaj/dense/MD2B9430XRWB18503.parquet
Bajaj,MD2B9430XRWE50859,Bajaj RE E-TEC 9.0,2024-09-09,10,9.0,11.7,20.7,1692,85.5,74.5,11.0,degrader,trainable,,data/bajaj/dense/MD2B9430XRWE50859.parquet
Bajaj,MD2B9430XRWJ70260,Bajaj RE E-TEC 9.0,2024-01-07,10,9.0,19.8,28.8,1692,90.5,82.5,8.0,degrader,trainable,,data/bajaj/dense/MD2B9430XRWJ70260.parquet
Bajaj,MD2B88300PWH00648,Bajaj Maxima XL Cargo,2024-03-21,10,9.0,17.4,26.4,1692,92.0,91.0,1.0,flat,trainable,,data/bajaj/dense/MD2B88300PWH00648.parquet
Bajaj,MD2B88302RWK01074,Bajaj Maxima XL Cargo,2024-03-19,10,8.9,17.5,26.4,1692,100.0,99.0,1.0,flat,trainable,,data/bajaj/dense/MD2B88302RWK01074.parquet
Bajaj,MD2B88305PWH00645,Bajaj Maxima XL Cargo,2024-03-21,9,8.0,18.4,26.4,1758,93.5,92.0,1.5,flat,trainable,,data/bajaj/dense/MD2B88305PWH00645.parquet
Bajaj,MD2B88307RWL01185,Bajaj Maxima XL Cargo,2024-03-25,10,8.9,17.3,26.2,1692,89.0,87.5,1.5,flat,trainable,,data/bajaj/dense/MD2B88307RWL01185.parquet
Bajaj,MD2B88309PWJ00840,Bajaj Maxima XL Cargo,2024-03-21,9,9.0,17.4,26.4,1627,92.0,91.0,1.0,flat,trainable,,data/bajaj/dense/MD2B88309PWJ00840.parquet
Bajaj,MD2B8830XPWF00313,Bajaj Maxima XL Cargo,2024-01-20,10,9.0,19.4,28.4,1692,93.0,92.0,1.0,flat,trainable,,data/bajaj/dense/MD2B8830XPWF00313.parquet
Euler,MD9EMHDL23B217154,Euler Hiload,2023-03-07,6,8.1,6.8,14.9,4336,92.5,77.1,15.4,degrader,thin,<9mo_span,data/euler/dense/MD9EMHDL23B217154.parquet
Euler,MD9EMHDL24G217005,Euler Hiload XR DV 170,2024-08-31,7,6.0,2.0,8.0,2664,100.0,98.8,1.2,flat,thin,<9mo_span,data/euler/dense/MD9EMHDL24G217005.parquet
Euler,MD9EMHDL24G217041,Euler HiLoad TR DV 120,2024-12-30,9,8.1,2.0,10.1,1983,98.4,98.4,0.0,flat,thin,<9mo_span,data/euler/dense/MD9EMHDL24G217041.parquet
Euler,MD9EMHDL25D217277,Euler Hiload SR DV 120,2025-05-13,9,8.0,1.6,9.6,1891,99.8,99.8,0.0,flat,thin,<9mo_span,data/euler/dense/MD9EMHDL25D217277.parquet
Euler,MD9EMHDL25F217009,Euler Hiload DVXR13 LFP TR DV 120,2025-07-04,8,7.0,3.9,10.9,1640,100.0,100.0,0.0,flat,thin,<9mo_span,data/euler/dense/MD9EMHDL25F217009.parquet
Euler,MD9EMHDL25F217240,Euler Hiload SR DV 120,2025-08-19,8,8.0,1.4,9.4,1607,94.6,94.6,0.0,flat,thin,<9mo_span,data/euler/dense/MD9EMHDL25F217240.parquet
Euler,MD9EMHDL22E217062,Euler Hiload,2022-08-26,19,29.0,14.2,43.2,4249,100.0,89.9,10.1,degrader,trainable,,data/euler/dense/MD9EMHDL22E217062.parquet
Euler,MD9EMHDL22E217063,Euler Hiload,2022-10-19,15,28.1,11.4,39.5,2524,98.0,84.0,14.0,degrader,trainable,,data/euler/dense/MD9EMHDL22E217063.parquet
Euler,MD9EMHDL22J217049,Euler Hiload,2023-02-09,20,27.0,12.7,39.7,2244,100.0,91.2,8.8,degrader,trainable,,data/euler/dense/MD9EMHDL22J217049.parquet
Euler,MD9EMHDL23A217070,Euler Hiload,2023-02-01,33,32.0,8.0,40.0,3338,96.9,89.3,7.5,degrader,trainable,,data/euler/dense/MD9EMHDL23A217070.parquet
Euler,MD9EMHDL23A217086,Euler Hiload,2023-01-30,33,32.1,8.0,40.1,3338,100.0,91.6,8.4,degrader,trainable,,data/euler/dense/MD9EMHDL23A217086.parquet
Euler,MD9EMHDL23A217090,Euler Hiload,2023-02-02,26,26.1,9.9,36.0,3548,100.0,87.7,12.3,degrader,trainable,,data/euler/dense/MD9EMHDL23A217090.parquet
Euler,MD9EMHDL23A217113,Euler Hiload,2023-02-04,22,22.0,7.9,29.9,4247,100.0,89.1,10.9,degrader,trainable,,data/euler/dense/MD9EMHDL23A217113.parquet
Euler,MD9EMHDL23A217155,Euler Hiload,2023-03-02,24,31.0,8.0,39.0,2422,100.0,95.2,4.8,degrader,trainable,,data/euler/dense/MD9EMHDL23A217155.parquet
Euler,MD9EMHDL23A217158,Euler Hiload,2023-03-10,21,26.1,6.7,32.8,3338,98.1,79.0,19.1,degrader,trainable,,data/euler/dense/MD9EMHDL23A217158.parquet
Euler,MD9EMHDL23B217021,Euler Hiload,2023-04-03,23,30.0,6.0,36.0,3913,100.0,84.4,15.6,degrader,trainable,,data/euler/dense/MD9EMHDL23B217021.parquet
Euler,MD9EMHDL23B217063,Euler Hiload,2023-03-10,28,32.1,6.7,38.8,3548,92.9,86.3,6.7,degrader,trainable,,data/euler/dense/MD9EMHDL23B217063.parquet
Euler,MD9EMHDL23B217097,Euler Hiload,2023-03-10,22,32.1,6.7,38.8,2243,100.0,74.7,25.3,degrader,trainable,,data/euler/dense/MD9EMHDL23B217097.parquet
Euler,MD9EMHDL23B217109,Euler Hiload,2023-03-23,14,17.0,7.3,24.3,4301,100.0,95.5,4.5,degrader,trainable,,data/euler/dense/MD9EMHDL23B217109.parquet
Euler,MD9EMHDL23B217119,Euler Hiload,2023-03-17,33,32.1,6.5,38.6,3338,100.0,88.4,11.6,degrader,trainable,,data/euler/dense/MD9EMHDL23B217119.parquet
Euler,MD9EMHDL23B217124,Euler Hiload,2023-03-16,32,32.1,6.5,38.6,3435,99.6,90.7,8.8,degrader,trainable,,data/euler/dense/MD9EMHDL23B217124.parquet
Euler,MD9EMHDL23B217125,Euler Hiload,2023-03-09,29,32.0,6.8,38.8,3533,99.9,78.0,21.9,degrader,trainable,,data/euler/dense/MD9EMHDL23B217125.parquet
Euler,MD9EMHDL23B217128,Euler Hiload,2023-03-07,32,32.1,6.8,38.9,2388,99.3,96.8,2.5,degrader,trainable,,data/euler/dense/MD9EMHDL23B217128.parquet
Euler,MD9EMHDL23B217134,Euler Hiload,2023-03-07,13,32.1,6.8,38.9,2664,96.3,94.1,2.2,degrader,trainable,,data/euler/dense/MD9EMHDL23B217134.parquet
Euler,MD9EMHDL23B217142,Euler Hiload,2023-03-07,22,23.1,6.8,29.9,2880,100.0,89.8,10.2,degrader,trainable,,data/euler/dense/MD9EMHDL23B217142.parquet
Euler,MD9EMHDL23B217146,Euler Hiload,2023-03-07,33,32.1,6.8,38.9,2366,100.0,76.3,23.7,degrader,trainable,,data/euler/dense/MD9EMHDL23B217146.parquet
Euler,MD9EMHDL23B217149,Euler Hiload,2023-03-07,33,32.1,6.8,38.9,3338,100.0,85.7,14.3,degrader,trainable,,data/euler/dense/MD9EMHDL23B217149.parquet
Euler,MD9EMHDL23B217153,Euler Hiload,2023-02-26,33,32.1,7.1,39.2,2366,99.5,81.8,17.7,degrader,trainable,,data/euler/dense/MD9EMHDL23B217153.parquet
Euler,MD9EMHDL23B217166,Euler Hiload,2023-03-09,27,32.0,6.8,38.8,2524,99.4,92.6,6.8,degrader,trainable,,data/euler/dense/MD9EMHDL23B217166.parquet
Euler,MD9EMHDL23B217175,Euler Hiload,2023-03-09,19,27.0,6.8,33.8,4281,100.0,83.1,16.9,degrader,trainable,,data/euler/dense/MD9EMHDL23B217175.parquet
Euler,MD9EMHDL23B217177,Euler Hiload,2023-03-07,19,18.1,6.8,24.9,2882,100.0,89.1,10.9,degrader,trainable,,data/euler/dense/MD9EMHDL23B217177.parquet
Euler,MD9EMHDL23B217197,Euler Hiload,2023-03-28,30,31.0,7.2,38.2,3001,100.0,93.5,6.5,degrader,trainable,,data/euler/dense/MD9EMHDL23B217197.parquet
Euler,MD9EMHDL23B217203,Euler Hiload,2023-03-07,30,32.1,6.8,38.9,2422,99.6,93.7,6.0,degrader,trainable,,data/euler/dense/MD9EMHDL23B217203.parquet
Euler,MD9EMHDL23B217204,Euler Hiload,2023-03-28,13,32.0,6.2,38.2,2664,98.5,88.1,10.4,degrader,trainable,,data/euler/dense/MD9EMHDL23B217204.parquet
Euler,MD9EMHDL23B217210,Euler Hiload,2023-03-30,32,32.0,6.1,38.1,3435,100.0,88.9,11.1,degrader,trainable,,data/euler/dense/MD9EMHDL23B217210.parquet
Euler,MD9EMHDL23B217211,Euler Hiload,2023-03-23,8,29.0,6.3,35.3,4323,98.0,85.1,12.9,degrader,trainable,,data/euler/dense/MD9EMHDL23B217211.parquet
Euler,MD9EMHDL23B217238,Euler Hiload,2023-04-17,17,28.0,9.5,37.5,2156,100.0,81.1,18.9,degrader,trainable,,data/euler/dense/MD9EMHDL23B217238.parquet
Euler,MD9EMHDL23C217007,Euler Hiload,2023-04-01,18,24.1,6.0,30.1,4247,95.9,93.1,2.8,degrader,trainable,,data/euler/dense/MD9EMHDL23C217007.parquet
Euler,MD9EMHDL23C217011,Euler Hiload,2023-04-03,14,13.0,6.0,19.0,4323,100.0,93.2,6.8,degrader,trainable,,data/euler/dense/MD9EMHDL23C217011.parquet
Euler,MD9EMHDL23C217018,Euler Hiload,2023-03-29,29,32.1,6.1,38.2,2524,94.4,85.6,8.8,degrader,trainable,,data/euler/dense/MD9EMHDL23C217018.parquet
Euler,MD9EMHDL23C217034,Euler Hiload,2023-03-27,33,32.0,6.2,38.2,3338,96.3,84.9,11.3,degrader,trainable,,data/euler/dense/MD9EMHDL23C217034.parquet
Euler,MD9EMHDL23C217065,Euler Hiload,2023-03-30,32,31.0,7.1,38.1,3001,100.0,88.4,11.6,degrader,trainable,,data/euler/dense/MD9EMHDL23C217065.parquet
Euler,MD9EMHDL23C217078,Euler Hiload,2023-04-03,29,32.0,6.0,38.0,2664,96.4,91.6,4.8,degrader,trainable,,data/euler/dense/MD9EMHDL23C217078.parquet
Euler,MD9EMHDL23C217082,Euler Hiload,2023-03-29,26,27.1,6.1,33.2,3548,99.5,87.5,12.0,degrader,trainable,,data/euler/dense/MD9EMHDL23C217082.parquet
Euler,MD9EMHDL23C217092,Euler Hiload,2023-03-29,27,32.1,6.1,38.2,3913,91.5,78.2,13.3,degrader,trainable,,data/euler/dense/MD9EMHDL23C217092.parquet
Euler,MD9EMHDL23C217099,Euler Hiload,2023-04-01,10,15.1,6.0,21.1,4329,100.0,91.3,8.7,degrader,trainable,,data/euler/dense/MD9EMHDL23C217099.parquet
Euler,MD9EMHDL23C217110,Euler Hiload,2023-04-03,33,32.0,6.0,38.0,3338,100.0,92.0,8.0,degrader,trainable,,data/euler/dense/MD9EMHDL23C217110.parquet
Euler,MD9EMHDL23C217129,Euler Hiload,2023-03-29,13,21.0,6.1,27.1,4322,96.6,83.0,13.6,degrader,trainable,,data/euler/dense/MD9EMHDL23C217129.parquet
Euler,MD9EMHDL23C217181,Euler Hiload,2023-04-03,33,32.0,6.0,38.0,3338,94.6,85.1,9.5,degrader,trainable,,data/euler/dense/MD9EMHDL23C217181.parquet
Euler,MD9EMHDL23C217192,Euler Hiload,2023-03-29,33,32.1,6.1,38.2,3338,94.0,80.3,13.7,degrader,trainable,,data/euler/dense/MD9EMHDL23C217192.parquet
Euler,MD9EMHDL23C217209,Euler Hiload,2023-04-03,26,30.0,6.0,36.0,3921,97.7,90.4,7.3,degrader,trainable,,data/euler/dense/MD9EMHDL23C217209.parquet
Euler,MD9EMHDL23C217210,Euler Hiload,2023-04-03,26,32.0,6.0,38.0,2464,100.0,85.6,14.4,degrader,trainable,,data/euler/dense/MD9EMHDL23C217210.parquet
Euler,MD9EMHDL23C217214,Euler Hiload,2023-04-03,7,14.0,6.0,20.0,4324,100.0,88.8,11.2,degrader,trainable,,data/euler/dense/MD9EMHDL23C217214.parquet
Euler,MD9EMHDL23C217233,Euler Hiload,2023-04-03,24,32.0,6.0,38.0,2229,100.0,89.2,10.8,degrader,trainable,,data/euler/dense/MD9EMHDL23C217233.parquet
Euler,MD9EMHDL23C217234,Euler Hiload,2023-04-03,30,32.0,6.0,38.0,3435,99.7,91.7,7.9,degrader,trainable,,data/euler/dense/MD9EMHDL23C217234.parquet
Euler,MD9EMHDL23D217353,Euler DV,2024-02-08,19,20.1,1.7,21.8,3533,97.7,94.5,3.2,degrader,trainable,,data/euler/dense/MD9EMHDL23D217353.parquet
Euler,MD9EMHDL23D217366,Euler Hiload,2023-06-12,32,31.0,4.7,35.7,2089,100.0,85.0,15.0,degrader,trainable,,data/euler/dense/MD9EMHDL23D217366.parquet
Euler,MD9EMHDL23D217372,Euler Hiload,2023-06-01,23,31.1,5.0,36.1,1600,98.6,76.0,22.7,degrader,trainable,,data/euler/dense/MD9EMHDL23D217372.parquet
Euler,MD9EMHDL23D217374,Euler Hiload,2023-06-06,30,31.0,4.9,35.9,2388,100.0,94.2,5.8,degrader,trainable,,data/euler/dense/MD9EMHDL23D217374.parquet
Euler,MD9EMHDL23D217377,Euler Hiload,2023-05-31,32,31.0,5.1,36.1,3001,100.0,95.2,4.8,degrader,trainable,,data/euler/dense/MD9EMHDL23D217377.parquet
Euler,MD9EMHDL23D217380,Euler Hiload,2023-06-27,6,9.0,4.2,13.2,2880,100.0,66.1,33.9,degrader,trainable,,data/euler/dense/MD9EMHDL23D217380.parquet
Euler,MD9EMHDL23D217395,Euler Hiload,2023-06-27,7,17.0,8.2,25.2,2882,88.3,68.7,19.5,degrader,trainable,,data/euler/dense/MD9EMHDL23D217395.parquet
Euler,MD9EMHDL23D217409,Euler Hiload,2023-06-08,15,27.0,8.8,35.8,1812,95.8,86.8,9.0,degrader,trainable,,data/euler/dense/MD9EMHDL23D217409.parquet
Euler,MD9EMHDL23D217414,Euler Hiload,2023-06-14,26,31.0,4.6,35.6,2422,100.0,83.2,16.8,degrader,trainable,,data/euler/dense/MD9EMHDL23D217414.parquet
Euler,MD9EMHDL23E217035,Euler Hiload,2023-07-10,28,31.0,3.8,34.8,2464,100.0,86.7,13.3,degrader,trainable,,data/euler/dense/MD9EMHDL23E217035.parquet
Euler,MD9EMHDL24B217165,Euler Hiload,2024-02-29,8,18.0,1.1,19.1,3625,100.0,96.1,3.9,degrader,trainable,,data/euler/dense/MD9EMHDL24B217165.parquet
Euler,MD9EMHDL24B217342,Euler Hi Load DVXR 13 120 CFT,2024-02-29,17,24.0,1.1,25.1,2664,100.0,85.5,14.5,degrader,trainable,,data/euler/dense/MD9EMHDL24B217342.parquet
Euler,MD9EMHDL24C217047,Euler Hi Load DVXR 13 120 CFT,2024-05-03,11,25.0,0.0,25.0,2406,100.0,96.9,3.1,degrader,trainable,,data/euler/dense/MD9EMHDL24C217047.parquet
Euler,MD9EMHDL24C217052,Euler Hi Load DVXR 13 120 CFT,2024-03-27,8,22.0,1.2,23.2,1640,100.0,97.3,2.7,degrader,trainable,,data/euler/dense/MD9EMHDL24C217052.parquet
Euler,MD9EMHDL24C217054,Euler Hi Load DVXR 13 120 CFT,2024-03-27,18,26.0,0.2,26.2,2534,100.0,91.3,8.7,degrader,trainable,,data/euler/dense/MD9EMHDL24C217054.parquet
Euler,MD9EMHDL24C217123,Euler Hi Load DVXR 13 120 CFT,2025-09-11,15,16.1,0.0,16.1,3338,100.0,94.0,6.0,degrader,trainable,,data/euler/dense/MD9EMHDL24C217123.parquet
Euler,MD9EMHDL24C217125,Euler Hiload XR DV 170,2024-03-29,20,26.0,0.1,26.1,2993,100.0,94.0,6.0,degrader,trainable,,data/euler/dense/MD9EMHDL24C217125.parquet
Euler,MD9EMHDL24C217135,Euler Hi Load DVXR 13 120 CFT,2024-03-31,18,24.1,2.0,26.1,2280,100.0,96.6,3.4,degrader,trainable,,data/euler/dense/MD9EMHDL24C217135.parquet
Euler,MD9EMHDL24C217170,Euler Hi Load DVXR 13 120 CFT,2024-03-31,19,23.0,1.0,24.0,2524,100.0,91.3,8.7,degrader,trainable,,data/euler/dense/MD9EMHDL24C217170.parquet
Euler,MD9EMHDL24D217042,Euler Hi Load DVXR 13 120 CFT,2025-02-20,17,16.0,0.0,16.0,3338,100.0,94.7,5.3,degrader,trainable,,data/euler/dense/MD9EMHDL24D217042.parquet
Euler,MD9EMHDL24D217044,Euler Hiload XR DV 170,2024-04-21,14,13.0,1.3,14.3,3548,100.0,90.8,9.2,degrader,trainable,,data/euler/dense/MD9EMHDL24D217044.parquet
Euler,MD9EMHDL24D217159,Euler Hi Load DVXR 13 120 CFT,2024-06-29,9,17.0,1.1,18.1,2334,100.0,95.9,4.1,degrader,trainable,,data/euler/dense/MD9EMHDL24D217159.parquet
Euler,MD9EMHDL24F217269,Euler Hiload DVTR12LP AR DV 120,2024-07-31,8,15.9,6.1,22.0,2022,93.6,80.7,12.9,degrader,trainable,,data/euler/dense/MD9EMHDL24F217269.parquet
Euler,MD9EMHDL24G217008,Euler Hi Load DVXR 13 120 CFT,2024-08-16,15,19.0,2.5,21.5,1891,99.9,86.9,13.0,degrader,trainable,,data/euler/dense/MD9EMHDL24G217008.parquet
Euler,MD9EMHDL24G217060,Euler Hiload XR DV 170,2024-09-08,14,18.0,2.8,20.8,2043,100.0,90.6,9.4,degrader,trainable,,data/euler/dense/MD9EMHDL24G217060.parquet
Euler,MD9EMHDL24G217084,Euler HiLoad TR DV 170,2024-11-09,12,17.0,1.7,18.7,1937,100.0,92.6,7.4,degrader,trainable,,data/euler/dense/MD9EMHDL24G217084.parquet
Euler,MD9EMHDL24K217094,Euler Hiload DVTR12LP AR DV 120,2024-10-29,11,14.0,5.1,19.1,1364,100.0,94.0,6.0,degrader,trainable,,data/euler/dense/MD9EMHDL24K217094.parquet
Euler,MD9EMHDL24K217345,Euler HiLoad TR DV 170,2024-12-20,9,12.0,5.4,17.4,1668,100.0,91.7,8.3,degrader,trainable,,data/euler/dense/MD9EMHDL24K217345.parquet
Euler,MD9EMHDL24L217322,Euler Hi Load DVXR 13 120 CFT,2025-01-08,10,14.0,1.7,15.7,1874,100.0,89.9,10.1,degrader,trainable,,data/euler/dense/MD9EMHDL24L217322.parquet
Euler,MD9EMHDL24M217123,Euler HiLoad TR DV 170,2025-04-25,9,13.0,0.2,13.2,1891,100.0,96.0,4.0,degrader,trainable,,data/euler/dense/MD9EMHDL24M217123.parquet
Euler,MD9EMHDL25A217092,Euler Hiload DVXR12+,2025-02-24,11,15.0,0.2,15.2,1857,99.9,93.8,6.1,degrader,trainable,,data/euler/dense/MD9EMHDL25A217092.parquet
Euler,MD9EMHDL25A217226,Euler Hiload XR DV 170,2025-03-20,10,14.0,0.4,14.4,1762,100.0,94.9,5.1,degrader,trainable,,data/euler/dense/MD9EMHDL25A217226.parquet
Euler,MD9EMHDL25B217001,Euler HiLoad TR DV 120,2025-04-04,10,14.0,0.0,14.0,1762,100.0,89.0,11.0,degrader,trainable,,data/euler/dense/MD9EMHDL25B217001.parquet
Euler,MD9EMHDL25B217173,Euler HiLoad TR DV 120,2025-03-07,10,14.0,0.8,14.8,1762,100.0,93.8,6.2,degrader,trainable,,data/euler/dense/MD9EMHDL25B217173.parquet
Euler,MD9EMCDL24M217011,Euler HiCity SR,2025-01-27,9,15.0,1.1,16.1,1896,100.0,98.5,1.5,flat,trainable,,data/euler/dense/MD9EMCDL24M217011.parquet
Euler,MD9EMHDL23A217057,Euler Hiload,2023-02-02,28,32.1,7.9,40.0,3738,100.0,100.0,0.0,flat,trainable,,data/euler/dense/MD9EMHDL23A217057.parquet
Euler,MD9EMHDL23A217078,Euler Hiload,2023-02-04,33,32.0,7.9,39.9,2366,100.0,100.0,0.0,flat,trainable,,data/euler/dense/MD9EMHDL23A217078.parquet
Euler,MD9EMHDL23A217082,Euler Hiload,2023-02-01,13,12.0,8.0,20.0,4324,100.0,100.0,0.0,flat,trainable,,data/euler/dense/MD9EMHDL23A217082.parquet
Euler,MD9EMHDL23B217046,Euler Hiload,2023-03-10,20,32.1,6.7,38.8,3906,98.7,98.7,0.0,flat,trainable,,data/euler/dense/MD9EMHDL23B217046.parquet
Euler,MD9EMHDL23B217049,Euler Hiload,2023-03-13,13,31.1,6.6,37.7,2406,93.4,93.4,0.0,flat,trainable,,data/euler/dense/MD9EMHDL23B217049.parquet
Euler,MD9EMHDL23B217050,Euler Hiload,2023-03-08,18,20.0,6.8,26.8,4087,98.4,98.4,0.0,flat,trainable,,data/euler/dense/MD9EMHDL23B217050.parquet
Euler,MD9EMHDL23B217053,Euler Hiload,2023-03-16,30,30.1,6.5,36.6,3548,100.0,100.0,0.0,flat,trainable,,data/euler/dense/MD9EMHDL23B217053.parquet
Euler,MD9EMHDL23B217094,Euler Hiload,2023-03-10,28,32.1,6.7,38.8,2465,100.0,100.0,0.0,flat,trainable,,data/euler/dense/MD9EMHDL23B217094.parquet
Euler,MD9EMHDL23B217115,Euler Hiload,2023-03-23,29,30.0,7.3,37.3,3533,100.0,99.3,0.7,flat,trainable,,data/euler/dense/MD9EMHDL23B217115.parquet
Euler,MD9EMHDL23B217121,Euler Hiload,2023-03-07,11,28.1,6.8,34.9,2880,89.3,89.3,0.0,flat,trainable,,data/euler/dense/MD9EMHDL23B217121.parquet
Euler,MD9EMHDL23B217137,Euler Hiload,2023-03-09,21,32.0,6.8,38.8,2334,100.0,100.0,0.0,flat,trainable,,data/euler/dense/MD9EMHDL23B217137.parquet
Euler,MD9EMHDL23B217138,Euler Hiload,2023-03-09,33,32.0,6.8,38.8,3338,100.0,99.0,1.0,flat,trainable,,data/euler/dense/MD9EMHDL23B217138.parquet
Euler,MD9EMHDL23B217141,Euler Hiload,2023-03-07,7,10.1,6.8,16.9,2882,83.7,83.7,0.0,flat,trainable,,data/euler/dense/MD9EMHDL23B217141.parquet
Euler,MD9EMHDL23B217152,Euler Hiload,2023-03-07,32,32.1,6.8,38.9,3435,100.0,98.2,1.8,flat,trainable,,data/euler/dense/MD9EMHDL23B217152.parquet
Euler,MD9EMHDL23B217158,Euler Hiload,2023-03-07,19,31.0,7.9,38.9,2366,100.0,100.0,0.0,flat,trainable,,data/euler/dense/MD9EMHDL23B217158.parquet
Euler,MD9EMHDL23B217224,Euler Hiload,2023-03-23,33,32.1,6.3,38.4,3338,100.0,100.0,0.0,flat,trainable,,data/euler/dense/MD9EMHDL23B217224.parquet
Euler,MD9EMHDL23B217245,Euler Hiload,2023-04-01,25,31.0,6.0,37.0,3338,100.0,100.0,0.0,flat,trainable,,data/euler/dense/MD9EMHDL23B217245.parquet
Euler,MD9EMHDL23C217005,Euler Hiload,2023-03-28,30,32.0,6.2,38.2,3548,97.9,97.9,0.0,flat,trainable,,data/euler/dense/MD9EMHDL23C217005.parquet
Euler,MD9EMHDL23C217032,Euler Hiload,2023-03-29,21,22.1,6.1,28.2,4249,100.0,98.3,1.7,flat,trainable,,data/euler/dense/MD9EMHDL23C217032.parquet
Euler,MD9EMHDL23C217077,Euler Hiload DVXR13 CU FT 120,,10,10.0,0.0,10.0,4323,97.9,96.5,1.3,flat,trainable,,data/euler/dense/MD9EMHDL23C217077.parquet
Euler,MD9EMHDL23C217204,Euler Hiload,2023-05-01,20,31.0,6.1,37.1,4247,100.0,100.0,0.0,flat,trainable,,data/euler/dense/MD9EMHDL23C217204.parquet
Euler,MD9EMHDL23C217215,Euler Hiload,2023-04-03,33,32.0,6.0,38.0,3338,99.5,99.5,0.0,flat,trainable,,data/euler/dense/MD9EMHDL23C217215.parquet
Euler,MD9EMHDL23C217232,Euler Hiload,2023-04-27,15,29.0,5.2,34.2,2524,100.0,100.0,0.0,flat,trainable,,data/euler/dense/MD9EMHDL23C217232.parquet
Euler,MD9EMHDL23D217267,Euler Hiload,2023-07-28,28,31.0,3.2,34.2,3435,100.0,100.0,0.0,flat,trainable,,data/euler/dense/MD9EMHDL23D217267.parquet
Euler,MD9EMHDL23D217352,Euler Hiload,2023-06-06,10,14.0,4.9,18.9,2881,96.6,95.2,1.4,flat,trainable,,data/euler/dense/MD9EMHDL23D217352.parquet
Euler,MD9EMHDL23D217424,Euler Hiload,2023-07-28,24,30.0,3.2,33.2,3625,100.0,100.0,0.0,flat,trainable,,data/euler/dense/MD9EMHDL23D217424.parquet
Euler,MD9EMHDL23E217030,Euler Hiload,2023-03-31,28,30.0,7.1,37.1,3001,100.0,98.7,1.3,flat,trainable,,data/euler/dense/MD9EMHDL23E217030.parquet
Euler,MD9EMHDL24C217113,Euler Hi Load DVXR 13 120 CFT,2024-03-31,19,25.1,1.0,26.1,2404,100.0,100.0,0.0,flat,trainable,,data/euler/dense/MD9EMHDL24C217113.parquet
Euler,MD9EMHDL24F217278,Euler Hiload XR DV 170,2024-07-30,15,19.0,1.1,20.1,2524,100.0,99.9,0.1,flat,trainable,,data/euler/dense/MD9EMHDL24F217278.parquet
Euler,MD9EMHDL25A217127,Euler Hiload XR DV 170,,6,13.0,0.0,13.0,1640,100.0,99.6,0.4,flat,trainable,,data/euler/dense/MD9EMHDL25A217127.parquet
Euler,MD9EMHDL25A217133,Euler HiLoad TR DV 120,2025-04-03,11,15.0,0.0,15.0,1857,100.0,99.9,0.1,flat,trainable,,data/euler/dense/MD9EMHDL25A217133.parquet
Euler,MD9EMHDL25B217280,Euler Hiload DVTR12LP AR DV 120,2025-06-16,11,10.0,1.5,11.5,1668,99.7,99.6,0.2,flat,trainable,,data/euler/dense/MD9EMHDL25B217280.parquet
Euler,MD9EMHDL25D217201,Euler Hiload DVTR12LP AR DV 120,2025-05-13,11,10.0,1.6,11.6,1891,99.8,99.5,0.3,flat,trainable,,data/euler/dense/MD9EMHDL25D217201.parquet
Euler,MD9EMHDL25D217311,Euler Hiload DVTR12LP AR DV 120,2025-06-24,10,10.0,1.2,11.2,1640,99.9,99.4,0.4,flat,trainable,,data/euler/dense/MD9EMHDL25D217311.parquet
Mahindra,MA1FL2DDUP3E19242,,,5,8.0,0.0,8.0,29114,100.0,98.0,2.0,degrader,thin,<6_valid_months;<9mo_span,data/mahindra/dense/MA1FL2DDUP3E19242.parquet
Mahindra,MB7D8CLLFNJG48097,Mahindra Treo Zor,2022-09-14,5,32.1,5.5,37.6,20260,100.0,97.5,2.5,degrader,thin,<6_valid_months,data/mahindra/dense/MB7D8CLLFNJG48097.parquet
Mahindra,MA1FL2DDUP3C16951,Mahindra Treo Zor,2023-04-18,5,27.1,0.4,27.5,8376,100.0,98.6,1.4,flat,thin,<6_valid_months,data/mahindra/dense/MA1FL2DDUP3C16951.parquet
Mahindra,MA1FW2DDUP3A15846,Mahindra Treo Zor,2023-05-17,1,0.0,6.5,6.5,14163,100.0,100.0,0.0,flat,thin,<6_valid_months;<9mo_span,data/mahindra/dense/MA1FW2DDUP3A15846.parquet
Mahindra,MB7C8CLLFNJF47597,Mahindra Treo Zor,2022-12-03,4,3.0,4.9,7.9,12016,95.3,95.3,0.0,flat,thin,<6_valid_months;<9mo_span,data/mahindra/dense/MB7C8CLLFNJF47597.parquet
Mahindra,MB7C8CLLFNJJ49265,Mahindra Treo Zor,2023-01-06,2,12.0,5.8,17.8,29360,100.0,100.0,0.0,flat,thin,<6_valid_months,data/mahindra/dense/MB7C8CLLFNJJ49265.parquet
Mahindra,MB7C8CLLFNJL46016,Mahindra Treo Zor,2023-01-24,3,21.1,5.2,26.2,16794,100.0,100.0,0.0,flat,thin,<6_valid_months,data/mahindra/dense/MB7C8CLLFNJL46016.parquet
Mahindra,MB7C8CLLFNJL49691,Mahindra Treo Zor,2023-02-09,4,9.0,0.7,9.7,15450,100.0,100.0,0.0,flat,thin,<6_valid_months,data/mahindra/dense/MB7C8CLLFNJL49691.parquet
Mahindra,MB7D8CLLFNJH48519,Mahindra Treo Zor,2022-08-23,4,17.1,11.3,28.4,26358,96.9,96.9,0.0,flat,thin,<6_valid_months,data/mahindra/dense/MB7D8CLLFNJH48519.parquet
Mahindra,MB7D8CLLFNJK49669,Mahindra Treo Zor,2023-01-06,1,0.0,4.8,4.8,14487,100.0,100.0,0.0,flat,thin,<6_valid_months;<9mo_span,data/mahindra/dense/MB7D8CLLFNJK49669.parquet
Mahindra,MB7D8CLLFNJL49707,Mahindra Treo Zor,2023-01-17,4,12.0,5.4,17.5,17159,99.9,99.9,0.0,flat,thin,<6_valid_months,data/mahindra/dense/MB7D8CLLFNJL49707.parquet
Mahindra,MA1CC2ZA7PJB46060,Mahindra Treo Zor,2023-03-04,18,24.0,0.0,24.0,99330,100.0,97.9,2.1,degrader,trainable,,data/mahindra/dense/MA1CC2ZA7PJB46060.parquet
Mahindra,MA1CC2ZA7PJB46102,Mahindra Treo Zor,2023-03-02,16,39.1,0.0,39.1,26147,100.0,91.2,8.8,degrader,trainable,,data/mahindra/dense/MA1CC2ZA7PJB46102.parquet
Mahindra,MA1CC2ZA7PJB46250,Mahindra Treo Zor,2023-04-13,6,15.1,0.6,15.7,27457,100.0,96.6,3.4,degrader,trainable,,data/mahindra/dense/MA1CC2ZA7PJB46250.parquet
Mahindra,MA1FL2DDUN3L22079,Mahindra Treo Zor,2023-01-23,25,25.1,1.2,26.3,42571,97.9,84.1,13.9,degrader,trainable,,data/mahindra/dense/MA1FL2DDUN3L22079.parquet
Mahindra,MA1FL2DDUN3L22110,Mahindra Treo Zor,2023-03-14,13,24.0,0.6,24.6,46245,100.0,88.6,11.4,degrader,trainable,,data/mahindra/dense/MA1FL2DDUN3L22110.parquet
Mahindra,MA1FL2DDUN3L22121,Mahindra Treo Zor,2023-01-23,14,18.1,2.2,20.3,24665,98.1,82.4,15.7,degrader,trainable,,data/mahindra/dense/MA1FL2DDUN3L22121.parquet
Mahindra,MA1FL2DDUP3A15472,Mahindra Treo Zor,2023-02-28,16,32.1,0.0,32.1,57517,99.3,95.0,4.3,degrader,trainable,,data/mahindra/dense/MA1FL2DDUP3A15472.parquet
Mahindra,MA1FL2DDUP3B16116,Mahindra Treo Zor,2023-03-09,23,31.1,0.8,31.8,62290,99.8,90.6,9.2,degrader,trainable,,data/mahindra/dense/MA1FL2DDUP3B16116.parquet
Mahindra,MA1FL2DDUP3D17896,Mahindra Treo Zor,2023-05-29,23,25.1,2.1,27.2,62221,98.9,93.4,5.4,degrader,trainable,,data/mahindra/dense/MA1FL2DDUP3D17896.parquet
Mahindra,MA1FW2DDUN3L22039,Mahindra Treo Zor,2023-01-27,15,32.1,1.1,33.2,54609,100.0,63.4,36.6,degrader,trainable,,data/mahindra/dense/MA1FW2DDUN3L22039.parquet
Mahindra,MA1FW2DDUN3M22333,Mahindra Treo Zor,2023-02-24,7,23.0,1.2,24.2,34173,100.0,95.6,4.4,degrader,trainable,,data/mahindra/dense/MA1FW2DDUN3M22333.parquet
Mahindra,MA1FW2DDUP3A15404,Mahindra Treo Zor,2023-03-02,7,25.0,1.0,26.0,27521,99.9,97.3,2.6,degrader,trainable,,data/mahindra/dense/MA1FW2DDUP3A15404.parquet
Mahindra,MA1FW2DDUP3A15827,Mahindra Treo Zor,2023-04-20,10,18.1,0.4,18.5,26309,100.0,95.8,4.2,degrader,trainable,,data/mahindra/dense/MA1FW2DDUP3A15827.parquet
Mahindra,MA1FW2DDUP3B16010,Mahindra Treo Zor,2023-03-28,18,31.1,0.0,31.1,23772,100.0,93.6,6.4,degrader,trainable,,data/mahindra/dense/MA1FW2DDUP3B16010.parquet
Mahindra,MA1FW2DDUP3B16060,Mahindra Treo Zor,2023-04-27,13,22.0,0.1,22.2,86688,99.9,78.9,20.9,degrader,trainable,,data/mahindra/dense/MA1FW2DDUP3B16060.parquet
Mahindra,MA1FW2DDUP3C16422,Mahindra Treo Zor,2023-08-07,10,29.1,0.0,29.1,28606,100.0,79.9,20.1,degrader,trainable,,data/mahindra/dense/MA1FW2DDUP3C16422.parquet
Mahindra,MA1FW2DDUP3C17165,Mahindra Treo Zor,2023-05-06,24,28.1,0.9,28.9,51784,100.0,91.4,8.6,degrader,trainable,,data/mahindra/dense/MA1FW2DDUP3C17165.parquet
Mahindra,MB7C8CLLFNJD46942,Mahindra Treo Zor,2022-06-13,19,18.1,8.6,26.7,40869,100.0,97.6,2.4,degrader,trainable,,data/mahindra/dense/MB7C8CLLFNJD46942.parquet
Mahindra,MB7C8CLLFNJD47074,Mahindra Treo Zor,,26,38.1,0.0,38.1,54470,100.0,95.8,4.2,degrader,trainable,,data/mahindra/dense/MB7C8CLLFNJD47074.parquet
Mahindra,MB7C8CLLFNJE47362,Mahindra Treo Zor,2022-11-15,17,17.1,3.5,20.6,23665,99.6,93.5,6.1,degrader,trainable,,data/mahindra/dense/MB7C8CLLFNJE47362.parquet
Mahindra,MB7C8CLLFNJG47866,Mahindra Treo Zor,2022-09-21,24,30.1,6.3,36.4,43998,100.0,86.7,13.3,degrader,trainable,,data/mahindra/dense/MB7C8CLLFNJG47866.parquet
Mahindra,MB7C8CLLFNJG48024,Piaggio Ape Electrik,,21,26.1,0.0,26.1,81119,98.5,91.2,7.3,degrader,trainable,,data/mahindra/dense/MB7C8CLLFNJG48024.parquet
Mahindra,MB7C8CLLFNJH48671,Mahindra Treo Zor,2022-11-04,25,29.1,3.8,32.9,34620,100.0,91.7,8.3,degrader,trainable,,data/mahindra/dense/MB7C8CLLFNJH48671.parquet
Mahindra,MB7C8CLLFNJH48752,Mahindra Treo Zor,2022-10-28,15,18.1,4.1,22.2,21895,99.3,95.3,4.0,degrader,trainable,,data/mahindra/dense/MB7C8CLLFNJH48752.parquet
Mahindra,MB7C8CLLFNJJ48867,Mahindra Treo Zor,2022-10-17,18,17.1,6.4,23.5,67583,98.4,90.2,8.2,degrader,trainable,,data/mahindra/dense/MB7C8CLLFNJJ48867.parquet
Mahindra,MB7C8CLLFNJJ48953,Mahindra Treo Zor,2022-12-01,17,22.1,3.0,25.1,31785,100.0,89.2,10.8,degrader,trainable,,data/mahindra/dense/MB7C8CLLFNJJ48953.parquet
Mahindra,MB7C8CLLFNJL46177,Mahindra Treo Zor,2023-01-07,8,12.0,7.8,19.8,16373,98.9,94.4,4.4,degrader,trainable,,data/mahindra/dense/MB7C8CLLFNJL46177.parquet
Mahindra,MB7C8CLLFNJL49746,Mahindra Treo Zor,2023-05-27,8,13.0,0.0,13.0,17142,100.0,94.9,5.1,degrader,trainable,,data/mahindra/dense/MB7C8CLLFNJL49746.parquet
Mahindra,MB7C8CLLFNJL49989,Mahindra Treo Zor,2022-12-27,8,24.0,3.1,27.2,24832,100.0,92.9,7.1,degrader,trainable,,data/mahindra/dense/MB7C8CLLFNJL49989.parquet
Mahindra,MB7C8CLLFNJM46447,Mahindra Treo Zor,2023-03-03,24,39.1,0.0,39.1,33256,100.0,97.0,3.0,degrader,trainable,,data/mahindra/dense/MB7C8CLLFNJM46447.parquet
Mahindra,MB7C8CLLFPJA46055,Mahindra Treo Zor,2023-03-03,16,15.0,1.0,16.0,44296,100.0,97.8,2.2,degrader,trainable,,data/mahindra/dense/MB7C8CLLFPJA46055.parquet
Mahindra,MB7C8CLLFPJA46387,Mahindra Treo Zor,2023-03-04,17,16.1,0.0,16.1,41986,99.6,95.5,4.1,degrader,trainable,,data/mahindra/dense/MB7C8CLLFPJA46387.parquet
Mahindra,MB7C8CLLFPJA46404,Mahindra Treo Zor,2023-02-15,14,27.1,4.5,31.5,25617,99.7,96.8,2.8,degrader,trainable,,data/mahindra/dense/MB7C8CLLFPJA46404.parquet
Mahindra,MB7D8CLLFNJD47128,Mahindra Treo Zor,2022-08-18,18,27.0,18.5,45.5,83022,93.8,86.7,7.0,degrader,trainable,,data/mahindra/dense/MB7D8CLLFNJD47128.parquet
Mahindra,MB7D8CLLFNJD47151,Mahindra Treo Zor,2022-05-26,17,17.1,9.2,26.2,66227,98.0,93.0,5.0,degrader,trainable,,data/mahindra/dense/MB7D8CLLFNJD47151.parquet
Mahindra,MB7D8CLLFNJE47225,Mahindra Treo Zor,2022-05-26,8,14.0,11.2,25.2,66256,100.0,90.9,9.1,degrader,trainable,,data/mahindra/dense/MB7D8CLLFNJE47225.parquet
Mahindra,MB7D8CLLFNJE47477,Mahindra Treo Zor,,9,16.0,0.0,16.0,1912,100.0,83.3,16.7,degrader,trainable,,data/mahindra/dense/MB7D8CLLFNJE47477.parquet
Mahindra,MB7D8CLLFNJG48098,Mahindra Treo Zor,2022-09-14,22,26.1,5.5,31.6,100432,98.0,87.0,11.1,degrader,trainable,,data/mahindra/dense/MB7D8CLLFNJG48098.parquet
Mahindra,MB7D8CLLFNJG48158,Mahindra Treo Zor,,17,21.0,0.0,21.0,34719,99.5,96.5,3.0,degrader,trainable,,data/mahindra/dense/MB7D8CLLFNJG48158.parquet
Mahindra,MB7D8CLLFNJH48360,Mahindra Treo Zor,2022-08-29,15,16.1,6.1,22.1,21803,97.5,89.2,8.3,degrader,trainable,,data/mahindra/dense/MB7D8CLLFNJH48360.parquet
Mahindra,MB7D8CLLFNJH48632,Mahindra Treo Zor,2022-11-28,15,24.0,4.1,28.1,20877,100.0,96.2,3.8,degrader,trainable,,data/mahindra/dense/MB7D8CLLFNJH48632.parquet
Mahindra,MB7D8CLLFNJH48636,Mahindra Treo Zor,2022-09-30,19,25.0,6.0,31.1,48450,97.7,78.5,19.2,degrader,trainable,,data/mahindra/dense/MB7D8CLLFNJH48636.parquet
Mahindra,MB7D8CLLFNJJ48892,Mahindra Treo Zor,2022-11-29,7,25.0,6.1,31.1,25606,98.9,92.7,6.1,degrader,trainable,,data/mahindra/dense/MB7D8CLLFNJJ48892.parquet
Mahindra,MB7D8CLLFNJJ49183,Mahindra Treo Zor,2022-11-03,18,20.1,3.9,24.0,32465,97.7,85.0,12.7,degrader,trainable,,data/mahindra/dense/MB7D8CLLFNJJ49183.parquet
Mahindra,MB7D8CLLFNJK49306,Mahindra Treo Zor,2022-11-03,14,15.1,5.9,21.0,68807,99.5,78.2,21.3,degrader,trainable,,data/mahindra/dense/MB7D8CLLFNJK49306.parquet
Mahindra,MB7D8CLLFNJK49307,Mahindra Treo Zor,2022-11-23,12,25.1,3.2,28.3,73038,99.3,94.8,4.5,degrader,trainable,,data/mahindra/dense/MB7D8CLLFNJK49307.parquet
Mahindra,MB7D8CLLFNJK49527,Mahindra Treo Zor,2022-11-30,24,23.1,5.0,28.1,54718,100.0,95.1,4.9,degrader,trainable,,data/mahindra/dense/MB7D8CLLFNJK49527.parquet
Mahindra,MB7D8CLLFNJK49562,Mahindra Treo Zor,2022-12-16,19,37.1,2.5,39.5,37818,99.9,90.8,9.1,degrader,trainable,,data/mahindra/dense/MB7D8CLLFNJK49562.parquet
Mahindra,MB7D8CLLFNJK49675,Mahindra Treo Zor,2023-01-23,18,28.1,3.2,31.3,18745,100.0,88.9,11.1,degrader,trainable,,data/mahindra/dense/MB7D8CLLFNJK49675.parquet
Mahindra,MB7D8CLLFNJL49763,Mahindra Treo Zor,2023-01-09,7,19.1,1.7,20.8,13630,100.0,83.7,16.3,degrader,trainable,,data/mahindra/dense/MB7D8CLLFNJL49763.parquet
Mahindra,MB7D8CLLFNJL49786,Mahindra Treo Zor,2023-01-27,20,37.1,1.1,38.2,28350,100.0,92.0,8.0,degrader,trainable,,data/mahindra/dense/MB7D8CLLFNJL49786.parquet
Mahindra,MB7D8CLLFNJL49844,Mahindra Treo Zor,,26,29.1,0.0,29.1,30048,100.0,94.8,5.2,degrader,trainable,,data/mahindra/dense/MB7D8CLLFNJL49844.parquet
Mahindra,MB7D8CLLFNJL49915,Mahindra Treo Zor,2022-12-12,9,15.1,2.6,17.7,31432,100.0,95.8,4.2,degrader,trainable,,data/mahindra/dense/MB7D8CLLFNJL49915.parquet
Mahindra,MB7D8CLLFNJM46283,Mahindra Treo Zor,2023-08-29,10,21.1,0.0,21.1,29880,100.0,87.6,12.4,degrader,trainable,,data/mahindra/dense/MB7D8CLLFNJM46283.parquet
Mahindra,MB7D8CLLFNJM46286,Mahindra Treo Zor,2023-02-16,19,32.1,0.4,32.5,32594,100.0,97.0,3.0,degrader,trainable,,data/mahindra/dense/MB7D8CLLFNJM46286.parquet
Mahindra,MB7F8CLLFNJH48488,Mahindra Treo Zor,2022-11-29,30,32.1,3.0,35.1,57960,99.4,86.4,13.1,degrader,trainable,,data/mahindra/dense/MB7F8CLLFNJH48488.parquet
Mahindra,MB7F8CLLFNJJ48848,Mahindra Treo Zor,2023-01-11,14,15.0,2.6,17.7,28242,100.0,97.7,2.3,degrader,trainable,,data/mahindra/dense/MB7F8CLLFNJJ48848.parquet
Mahindra,MB7F8CLLFNJL46100,Mahindra Treo Zor,2023-03-28,23,34.1,0.0,34.1,48818,100.0,89.4,10.6,degrader,trainable,,data/mahindra/dense/MB7F8CLLFNJL46100.parquet
Mahindra,MA1CA2ZA7PJC46472,Mahindra Treo Zor,2023-03-27,16,30.1,1.2,31.2,34073,100.0,99.7,0.3,flat,trainable,,data/mahindra/dense/MA1CA2ZA7PJC46472.parquet
Mahindra,MA1FL2DDUP3B16109,Mahindra Treo Zor,2023-02-27,6,13.0,1.1,14.1,39727,100.0,98.0,2.0,flat,trainable,,data/mahindra/dense/MA1FL2DDUP3B16109.parquet
Mahindra,MA1FW2DDUN3M22269,Mahindra Treo Zor,2023-02-17,8,9.1,2.4,11.5,15016,100.0,98.4,1.6,flat,trainable,,data/mahindra/dense/MA1FW2DDUN3M22269.parquet
Mahindra,MA1FW2DDUN3M22334,Mahindra Treo Zor,2023-02-21,11,29.1,0.3,29.3,37880,100.0,99.0,1.0,flat,trainable,,data/mahindra/dense/MA1FW2DDUN3M22334.parquet
Mahindra,MA1FW2DDUP3B16076,Euler Hiload,,17,22.0,0.0,22.0,40610,98.9,98.9,0.0,flat,trainable,,data/mahindra/dense/MA1FW2DDUP3B16076.parquet
Mahindra,MA1FW2DDUP3B16223,Mahindra Treo Zor,2023-04-18,10,17.1,0.4,17.5,28967,98.2,98.2,0.0,flat,trainable,,data/mahindra/dense/MA1FW2DDUP3B16223.parquet
Mahindra,MB7C8CLLFMJM48671,Mahindra Treo Zor,2023-02-23,9,28.1,4.2,32.3,22242,100.0,98.8,1.2,flat,trainable,,data/mahindra/dense/MB7C8CLLFMJM48671.parquet
Mahindra,MB7C8CLLFNJJ49266,Mahindra Treo Zor,,21,25.0,0.0,25.0,47506,100.0,100.0,0.0,flat,trainable,,data/mahindra/dense/MB7C8CLLFNJJ49266.parquet
Mahindra,MB7C8CLLFNJK49482,Mahindra Treo Zor,2022-12-18,10,21.1,2.4,23.5,34873,99.3,98.6,0.8,flat,trainable,,data/mahindra/dense/MB7C8CLLFNJK49482.parquet
Mahindra,MB7C8CLLFNJL46008,Mahindra Treo Zor,2022-12-13,6,12.0,10.6,22.7,31319,99.8,99.8,0.0,flat,trainable,,data/mahindra/dense/MB7C8CLLFNJL46008.parquet
Mahindra,MB7C8CLLFNJM46451,Mahindra Treo Zor,2023-02-20,25,32.1,0.3,32.4,31131,99.2,99.2,0.0,flat,trainable,,data/mahindra/dense/MB7C8CLLFNJM46451.parquet
Mahindra,MB7C8CLLFPJA46439,Mahindra Treo Zor,2023-04-21,8,17.1,2.3,19.4,28371,100.0,100.0,0.0,flat,trainable,,data/mahindra/dense/MB7C8CLLFPJA46439.parquet
Mahindra,MB7D8CLLFNJG48162,Mahindra Treo Zor,2022-08-30,12,29.1,8.0,37.1,26515,100.0,100.0,0.0,flat,trainable,,data/mahindra/dense/MB7D8CLLFNJG48162.parquet
Mahindra,MB7D8CLLFNJH48653,Mahindra Treo Zor,2022-10-15,10,19.1,6.5,25.6,20716,100.0,99.1,0.9,flat,trainable,,data/mahindra/dense/MB7D8CLLFNJH48653.parquet
Mahindra,MB7D8CLLFNJJ48989,Mahindra Treo Zor,2022-10-31,24,27.0,5.0,32.0,30653,100.0,99.8,0.2,flat,trainable,,data/mahindra/dense/MB7D8CLLFNJJ48989.parquet
Mahindra,MB7D8CLLFNJJ49197,Mahindra Treo Zor,2022-10-15,9,18.1,4.5,22.6,4052,99.8,98.3,1.5,flat,trainable,,data/mahindra/dense/MB7D8CLLFNJJ49197.parquet
Mahindra,MB7D8CLLFNJJ49275,Mahindra Treo Zor,2022-11-03,21,36.1,6.9,43.0,38421,100.0,98.7,1.3,flat,trainable,,data/mahindra/dense/MB7D8CLLFNJJ49275.parquet
Mahindra,MB7D8CLLFNJK49358,Mahindra Treo Zor,2023-01-13,13,16.1,1.5,17.6,28439,99.8,99.8,0.0,flat,trainable,,data/mahindra/dense/MB7D8CLLFNJK49358.parquet
Mahindra,MB7D8CLLFNJK49514,Mahindra Treo Zor,2022-11-10,9,20.1,3.7,23.8,11831,99.8,99.8,0.0,flat,trainable,,data/mahindra/dense/MB7D8CLLFNJK49514.parquet
Mahindra,MB7D8CLLFNJK49516,Mahindra Treo Zor,2022-12-01,8,14.0,3.0,17.0,16522,100.0,98.6,1.4,flat,trainable,,data/mahindra/dense/MB7D8CLLFNJK49516.parquet
Mahindra,MB7D8CLLFNJK49572,Mahindra Treo Zor,2022-12-05,6,36.1,5.9,41.9,25357,99.4,98.9,0.5,flat,trainable,,data/mahindra/dense/MB7D8CLLFNJK49572.parquet
Mahindra,MB7D8CLLFNJK49582,Mahindra Treo Zor,2023-01-06,12,34.1,1.8,35.9,27608,100.0,99.4,0.6,flat,trainable,,data/mahindra/dense/MB7D8CLLFNJK49582.parquet
Mahindra,MB7D8CLLFNJL49913,Mahindra Treo Zor,2022-12-05,11,35.0,3.8,38.9,51634,100.0,98.9,1.1,flat,trainable,,data/mahindra/dense/MB7D8CLLFNJL49913.parquet
Mahindra,MB7D8CLLFNJM46233,Mahindra Treo Zor,2023-01-23,6,14.0,6.2,20.3,27920,99.9,98.4,1.5,flat,trainable,,data/mahindra/dense/MB7D8CLLFNJM46233.parquet
Mahindra,MB7D8CLLFNJM46242,Mahindra Treo Zor,2023-01-18,16,15.1,1.4,16.4,43970,100.0,98.5,1.5,flat,trainable,,data/mahindra/dense/MB7D8CLLFNJM46242.parquet
Mahindra,MB7D8CLLFNJM46284,Mahindra Treo Zor,2023-02-13,22,26.1,1.5,27.6,32933,99.8,98.0,1.9,flat,trainable,,data/mahindra/dense/MB7D8CLLFNJM46284.parquet
